{"cameraMode":{"drawMode":0,"name":"Shaded","section":"Shading Mode"},"sceneLighting":false,"audioPlay":false,"sceneViewState":{"m_AlwaysRefresh":false,"showFog":true,"showSkybox":false,"showFlares":true,"showImageEffects":true,"showParticleSystems":true,"showVisualEffectGraphs":true,"m_FxEnabled":true},"in2DMode":false,"pivot":{"x":1.5515973567962647,"y":-1.2878005504608155,"z":0.14700543880462647},"rotation":{"x":0.1886662393808365,"y":0.7293036580085754,"z":-0.2222433090209961,"w":0.6190327405929565},"size":2.4595119953155519,"orthographic":false}