{"cameraMode":{"drawMode":0,"name":"Shaded","section":"Shading Mode"},"sceneLighting":false,"audioPlay":false,"sceneViewState":{"m_AlwaysRefresh":false,"showFog":true,"showSkybox":false,"showFlares":true,"showImageEffects":true,"showParticleSystems":true,"showVisualEffectGraphs":true,"m_FxEnabled":true},"in2DMode":false,"pivot":{"x":-0.8062983751296997,"y":0.3237740993499756,"z":0.3411979079246521},"rotation":{"x":-0.5761683583259583,"y":0.07232460379600525,"z":-0.051291272044181827,"w":-0.8125304579734802},"size":3.3619537353515627,"orthographic":false}